timeStamp,elapsed,label,responseCode,responseMessage,threadName,dataType,success,failureMessage,bytes,sentBytes,grpThreads,allThreads,URL,Latency,IdleTime,Connect
1779454781448,367,Get Token,200,OK,GetJoint 9-1,text,true,,3684,522,1,18,https://api-scuda.uat.oci.krungsri.tech/oauth2/v1/token,356,0,297
1779454781662,153,Get Token,200,OK,CreateJoint 11-2,text,true,,3684,522,2,18,https://api-scuda.uat.oci.krungsri.tech/oauth2/v1/token,143,0,82
1779454781447,366,Get Token,200,OK,UpdateJoint 12-2,text,true,,3684,522,2,18,https://api-scuda.uat.oci.krungsri.tech/oauth2/v1/token,360,0,297
1779454781447,366,Get Token,200,OK,CreateJoint 11-1,text,true,,3684,522,2,18,https://api-scuda.uat.oci.krungsri.tech/oauth2/v1/token,362,0,297
1779454781448,365,Get Token,200,OK,SearchIndividual 2-1,text,true,,2894,426,2,18,https://api-scuda.uat.oci.krungsri.tech/oauth2/v1/token,354,0,296
1779454781448,367,Get Token,200,OK,GetIndividual 1-1,text,true,,3684,522,1,18,https://api-scuda.uat.oci.krungsri.tech/oauth2/v1/token,356,0,296
1779454781448,367,Get Token,200,OK,UpdateIndividual 4-1,text,true,,3684,522,1,18,https://api-scuda.uat.oci.krungsri.tech/oauth2/v1/token,357,0,296
1779454781448,366,Get Token,200,OK,GetJuristic 5-1,text,true,,3684,522,2,18,https://api-scuda.uat.oci.krungsri.tech/oauth2/v1/token,358,0,296
1779454781448,367,Get Token,200,OK,CreateIndividual 3-1,text,true,,3684,522,1,18,https://api-scuda.uat.oci.krungsri.tech/oauth2/v1/token,357,0,296
1779454781448,367,Get Token,200,OK,SearchJoint 10-2,text,true,,2894,426,2,18,https://api-scuda.uat.oci.krungsri.tech/oauth2/v1/token,355,0,296
1779454781447,366,Get Token,200,OK,SearchJuristic 6-1,text,true,,2894,426,1,18,https://api-scuda.uat.oci.krungsri.tech/oauth2/v1/token,355,0,297
1779454781447,368,Get Token,200,OK,GetJuristic 5-2,text,true,,3684,522,2,18,https://api-scuda.uat.oci.krungsri.tech/oauth2/v1/token,358,0,297
1779454781447,366,Get Token,200,OK,UpdateJuristic 8-1,text,true,,3684,522,1,18,https://api-scuda.uat.oci.krungsri.tech/oauth2/v1/token,362,0,297
1779454781448,367,Get Token,200,OK,SearchJoint 10-1,text,true,,2894,426,2,18,https://api-scuda.uat.oci.krungsri.tech/oauth2/v1/token,357,0,296
1779454781448,366,Get Token,200,OK,UpdateJoint 12-1,text,true,,3684,522,2,18,https://api-scuda.uat.oci.krungsri.tech/oauth2/v1/token,358,0,296
1779454781447,368,Get Token,200,OK,SearchIndividual 2-2,text,true,,2894,426,2,18,https://api-scuda.uat.oci.krungsri.tech/oauth2/v1/token,356,0,297
1779454781448,365,Get Token,200,OK,CreateJuristic 7-1,text,true,,3684,522,2,18,https://api-scuda.uat.oci.krungsri.tech/oauth2/v1/token,360,0,296
1779454781448,366,Get Token,200,OK,CreateJuristic 7-2,text,true,,3684,522,2,18,https://api-scuda.uat.oci.krungsri.tech/oauth2/v1/token,363,0,296
1779454782395,156,SearchIndividual,200,OK,SearchIndividual 2-2,text,true,,1119,2602,4,29,https://api-scuda.uat.oci.krungsri.tech/ords/api/v1/customer/individual/searchprofile,156,0,0
1779454782399,91,SearchJuristic,200,OK,SearchJuristic 6-1,text,true,,1000,2600,2,28,https://api-scuda.uat.oci.krungsri.tech/ords/api/v1/customer/juristic/searchprofile,91,0,0
1779454782396,143,SearchIndividual,200,OK,SearchIndividual 2-4,text,true,,1109,2602,4,29,https://api-scuda.uat.oci.krungsri.tech/ords/api/v1/customer/individual/searchprofile,143,0,46
1779454782394,110,SearchJoint,200,OK,SearchJoint 10-2,text,true,,621,2627,3,29,https://api-scuda.uat.oci.krungsri.tech/ords/api/v1/customer/joint/searchprofile,110,0,0
1779454782394,93,SearchJoint,200,OK,SearchJoint 10-1,text,true,,621,2627,3,28,https://api-scuda.uat.oci.krungsri.tech/ords/api/v1/customer/joint/searchprofile,91,0,0
1779454782398,194,SearchJuristic,200,OK,SearchJuristic 6-2,text,true,,1006,2600,2,29,https://api-scuda.uat.oci.krungsri.tech/ords/api/v1/customer/juristic/searchprofile,194,0,15
1779454782394,228,SearchIndividual,200,OK,SearchIndividual 2-1,text,true,,1209,2602,2,23,https://api-scuda.uat.oci.krungsri.tech/ords/api/v1/customer/individual/searchprofile,228,0,0
1779454782395,232,SearchIndividual,200,OK,SearchIndividual 2-3,text,true,,1153,2602,1,22,https://api-scuda.uat.oci.krungsri.tech/ords/api/v1/customer/individual/searchprofile,232,0,63
1779454782457,176,SearchJoint,200,OK,SearchJoint 10-3,text,true,,621,2627,1,21,https://api-scuda.uat.oci.krungsri.tech/ords/api/v1/customer/joint/searchprofile,176,0,31
1779454782744,46,SearchIndividual,200,OK,SearchIndividual 2-5,text,true,,1159,2602,1,25,https://api-scuda.uat.oci.krungsri.tech/ords/api/v1/customer/individual/searchprofile,46,0,20
1779454782788,28,SearchJuristic,200,OK,SearchJuristic 6-3,text,true,,998,2600,1,24,https://api-scuda.uat.oci.krungsri.tech/ords/api/v1/customer/juristic/searchprofile,28,0,15
1779454782892,51,SearchIndividual,200,OK,SearchIndividual 2-6,text,true,,1187,2602,1,25,https://api-scuda.uat.oci.krungsri.tech/ords/api/v1/customer/individual/searchprofile,51,0,25
1779454782397,515,GetJoint,200,OK,GetJoint 9-1,text,true,,1429,3530,2,25,https://api-scuda.uat.oci.krungsri.tech/ic/api/v1/customer/joint/getprofile,514,0,0
1779454782394,562,GetJuristic,200,OK,GetJuristic 5-2,text,true,,3461,3533,3,24,https://api-scuda.uat.oci.krungsri.tech/ic/api/v1/customer/juristic/getprofile,562,0,0
1779454782395,612,GetJoint,200,OK,GetJoint 9-2,text,true,,1429,3530,1,22,https://api-scuda.uat.oci.krungsri.tech/ic/api/v1/customer/joint/getprofile,612,0,37
1779454782504,509,GetJuristic,200,OK,GetJuristic 5-3,text,true,,3513,3532,2,21,https://api-scuda.uat.oci.krungsri.tech/ic/api/v1/customer/juristic/getprofile,509,0,73
1779454782395,620,GetIndividual,200,OK,GetIndividual 1-1,text,true,,3925,3588,2,21,https://api-scuda.uat.oci.krungsri.tech/ic/api/v1/customer/individual/getprofile,620,0,0
1779454782399,684,GetIndividual,200,OK,GetIndividual 1-2,text,true,,3800,3588,2,20,https://api-scuda.uat.oci.krungsri.tech/ic/api/v1/customer/individual/getprofile,684,0,43
1779454782395,722,GetJuristic,200,OK,GetJuristic 5-1,text,true,,3454,3533,1,19,https://api-scuda.uat.oci.krungsri.tech/ic/api/v1/customer/juristic/getprofile,722,0,0
1779454783237,58,SearchIndividual,200,OK,SearchIndividual 2-7,text,true,,1189,2602,1,21,https://api-scuda.uat.oci.krungsri.tech/ords/api/v1/customer/individual/searchprofile,58,0,27
1779454783400,51,SearchIndividual,200,OK,SearchIndividual 2-8,text,true,,1175,2602,2,24,https://api-scuda.uat.oci.krungsri.tech/ords/api/v1/customer/individual/searchprofile,51,0,26
1779454782792,676,UpdateJoint,500,Server Error,UpdateJoint 12-3,text,false,,1270,4535,3,23,https://api-scuda.uat.oci.krungsri.tech/ic/api/v1/customer/joint/updateprofile,676,0,18
1779454782998,472,UpdateJuristic,500,Server Error,UpdateJuristic 8-1,text,false,,1270,5684,3,23,https://api-scuda.uat.oci.krungsri.tech/ic/api/v1/customer/juristic/updateprofile,472,0,0
1779454783440,42,SearchIndividual,200,OK,SearchIndividual 2-9,text,true,,1167,2602,1,21,https://api-scuda.uat.oci.krungsri.tech/ords/api/v1/customer/individual/searchprofile,42,0,16
1779454783046,526,GetIndividual,200,OK,GetIndividual 1-3,text,true,,3885,3588,2,20,https://api-scuda.uat.oci.krungsri.tech/ic/api/v1/customer/individual/getprofile,526,0,24
1779454783292,292,GetJoint,200,OK,GetJoint 9-3,text,true,,1431,3530,2,19,https://api-scuda.uat.oci.krungsri.tech/ic/api/v1/customer/joint/getprofile,291,0,19
1779454783609,71,SearchIndividual,200,OK,SearchIndividual 2-10,text,true,,1139,2602,1,21,https://api-scuda.uat.oci.krungsri.tech/ords/api/v1/customer/individual/searchprofile,71,0,33
1779454782794,904,CreateJoint,500,Server Error,CreateJoint 11-3,text,false,,1637,6072,3,20,https://api-scuda.uat.oci.krungsri.tech/ic/api/v1/customer/joint/createprofile,904,0,26
1779454782794,907,CreateJoint,500,Server Error,CreateJoint 11-2,text,false,,1628,5997,3,20,https://api-scuda.uat.oci.krungsri.tech/ic/api/v1/customer/joint/createprofile,906,0,0
1779454783440,290,GetJoint,200,OK,GetJoint 9-4,text,true,,1429,3530,1,19,https://api-scuda.uat.oci.krungsri.tech/ic/api/v1/customer/joint/getprofile,290,0,16
1779454783767,41,SearchJoint,200,OK,SearchJoint 10-4,text,true,,621,2627,1,19,https://api-scuda.uat.oci.krungsri.tech/ords/api/v1/customer/joint/searchprofile,41,0,23
1779454782987,953,CreateJuristic,500,Server Error,CreateJuristic 7-2,text,false,,1637,7697,4,20,https://api-scuda.uat.oci.krungsri.tech/ic/api/v1/customer/juristic/createprofile,953,0,0
1779454782792,1181,UpdateJoint,500,Server Error,UpdateJoint 12-1,text,false,,1270,4458,2,20,https://api-scuda.uat.oci.krungsri.tech/ic/api/v1/customer/joint/updateprofile,1181,0,0
1779454783973,39,SearchJuristic,200,OK,SearchJuristic 6-4,text,true,,1003,2600,1,20,https://api-scuda.uat.oci.krungsri.tech/ords/api/v1/customer/juristic/searchprofile,39,0,25
1779454783853,212,GetJuristic,200,OK,GetJuristic 5-4,text,true,,3499,3533,1,19,https://api-scuda.uat.oci.krungsri.tech/ic/api/v1/customer/juristic/getprofile,212,0,21
1779454782991,1090,CreateIndividual,200,OK,CreateIndividual 3-3,text,true,,1636,8078,4,20,https://api-scuda.uat.oci.krungsri.tech/ic/api/v1/customer/individual/createprofile,1090,0,27
1779454783007,1085,UpdateIndividual,200,OK,UpdateIndividual 4-2,text,true,,1280,5606,4,19,https://api-scuda.uat.oci.krungsri.tech/ic/api/v1/customer/individual/updateprofile,1085,0,31
1779454784069,56,SearchIndividual,200,OK,SearchIndividual 2-11,text,true,,1201,2602,2,19,https://api-scuda.uat.oci.krungsri.tech/ords/api/v1/customer/individual/searchprofile,56,0,25
1779454784126,50,SearchIndividual,200,OK,SearchIndividual 2-12,text,true,,1213,2602,1,19,https://api-scuda.uat.oci.krungsri.tech/ords/api/v1/customer/individual/searchprofile,50,0,24
1779454783185,1001,CreateJuristic,500,Server Error,CreateJuristic 7-3,text,false,,1628,7830,3,18,https://api-scuda.uat.oci.krungsri.tech/ic/api/v1/customer/juristic/createprofile,1001,0,24
1779454783884,338,GetIndividual,200,OK,GetIndividual 1-5,text,true,,3790,3587,3,18,https://api-scuda.uat.oci.krungsri.tech/ic/api/v1/customer/individual/getprofile,338,0,22
1779454782792,1485,UpdateJoint,500,Server Error,UpdateJoint 12-2,text,false,,1270,4570,2,18,https://api-scuda.uat.oci.krungsri.tech/ic/api/v1/customer/joint/updateprofile,1485,0,0
1779454783737,652,UpdateJuristic,500,Server Error,UpdateJuristic 8-4,text,false,,1270,4429,3,18,https://api-scuda.uat.oci.krungsri.tech/ic/api/v1/customer/juristic/updateprofile,652,0,13
1779454784175,230,GetIndividual,200,OK,GetIndividual 1-6,text,true,,3834,3588,3,19,https://api-scuda.uat.oci.krungsri.tech/ic/api/v1/customer/individual/getprofile,230,0,15
1779454783007,1430,UpdateIndividual,200,OK,UpdateIndividual 4-1,text,true,,1280,5568,5,18,https://api-scuda.uat.oci.krungsri.tech/ic/api/v1/customer/individual/updateprofile,1430,0,0
1779454782794,1654,CreateJoint,500,Server Error,CreateJoint 11-1,text,false,,1628,5924,2,17,https://api-scuda.uat.oci.krungsri.tech/ic/api/v1/customer/joint/createprofile,1654,0,0
1779454782985,1513,CreateJuristic,500,Server Error,CreateJuristic 7-1,text,false,,1637,7861,2,18,https://api-scuda.uat.oci.krungsri.tech/ic/api/v1/customer/juristic/createprofile,1513,0,0
1779454783008,1490,UpdateIndividual,200,OK,UpdateIndividual 4-3,text,true,,1280,5546,4,18,https://api-scuda.uat.oci.krungsri.tech/ic/api/v1/customer/individual/updateprofile,1490,0,25
1779454784464,35,SearchJoint,200,OK,SearchJoint 10-5,text,true,,621,2627,1,18,https://api-scuda.uat.oci.krungsri.tech/ords/api/v1/customer/joint/searchprofile,35,0,20
1779454784471,38,SearchIndividual,200,OK,SearchIndividual 2-13,text,true,,1179,2602,1,15,https://api-scuda.uat.oci.krungsri.tech/ords/api/v1/customer/individual/searchprofile,38,0,12
1779454783993,557,UpdateIndividual,200,OK,UpdateIndividual 4-4,text,true,,1280,5568,3,14,https://api-scuda.uat.oci.krungsri.tech/ic/api/v1/customer/individual/updateprofile,557,0,17
1779454783630,951,CreateIndividual,200,OK,CreateIndividual 3-4,text,true,,1636,7952,3,14,https://api-scuda.uat.oci.krungsri.tech/ic/api/v1/customer/individual/createprofile,951,0,22
1779454782998,1614,UpdateJuristic,500,Server Error,UpdateJuristic 8-2,text,false,,1270,5821,2,13,https://api-scuda.uat.oci.krungsri.tech/ic/api/v1/customer/juristic/updateprofile,1614,0,27
1779454784647,44,SearchIndividual,200,OK,SearchIndividual 2-14,text,true,,1165,2602,1,14,https://api-scuda.uat.oci.krungsri.tech/ords/api/v1/customer/individual/searchprofile,43,0,19
1779454783344,1354,GetIndividual,200,OK,GetIndividual 1-4,text,true,,3852,3588,3,13,https://api-scuda.uat.oci.krungsri.tech/ic/api/v1/customer/individual/getprofile,1354,0,23
1779454784230,472,GetIndividual,200,OK,GetIndividual 1-7,text,true,,3837,3588,2,12,https://api-scuda.uat.oci.krungsri.tech/ic/api/v1/customer/individual/getprofile,472,0,10
1779454784655,94,GetIndividual,200,OK,GetIndividual 1-8,text,true,,3859,3588,1,11,https://api-scuda.uat.oci.krungsri.tech/ic/api/v1/customer/individual/getprofile,94,0,20
1779454784227,552,UpdateJoint,500,Server Error,UpdateJoint 12-4,text,false,,1269,3613,1,11,https://api-scuda.uat.oci.krungsri.tech/ic/api/v1/customer/joint/updateprofile,552,0,14
1779454784291,525,UpdateIndividual,200,OK,UpdateIndividual 4-5,text,true,,1278,5580,3,10,https://api-scuda.uat.oci.krungsri.tech/ic/api/v1/customer/individual/updateprofile,525,0,19
1779454784778,45,SearchIndividual,200,OK,SearchIndividual 2-15,text,true,,1195,2602,1,9,https://api-scuda.uat.oci.krungsri.tech/ords/api/v1/customer/individual/searchprofile,45,0,22
1779454784583,281,UpdateIndividual,200,OK,UpdateIndividual 4-7,text,true,,1280,5682,2,8,https://api-scuda.uat.oci.krungsri.tech/ic/api/v1/customer/individual/updateprofile,281,0,15
1779454783611,1265,CreateJuristic,500,Server Error,CreateJuristic 7-4,text,false,,1637,8183,1,7,https://api-scuda.uat.oci.krungsri.tech/ic/api/v1/customer/juristic/createprofile,1265,0,18
1779454784393,494,GetJuristic,200,OK,GetJuristic 5-5,text,true,,3518,3533,1,6,https://api-scuda.uat.oci.krungsri.tech/ic/api/v1/customer/juristic/getprofile,494,0,12
1779454782997,1943,UpdateJuristic,500,Server Error,UpdateJuristic 8-3,text,false,,1270,5779,1,5,https://api-scuda.uat.oci.krungsri.tech/ic/api/v1/customer/juristic/updateprofile,1943,0,24
1779454784080,903,CreateJoint,500,Server Error,CreateJoint 11-4,text,false,,1637,5885,1,5,https://api-scuda.uat.oci.krungsri.tech/ic/api/v1/customer/joint/createprofile,903,0,27
1779454784408,577,UpdateIndividual,200,OK,UpdateIndividual 4-6,text,true,,1280,5608,1,5,https://api-scuda.uat.oci.krungsri.tech/ic/api/v1/customer/individual/updateprofile,577,0,35
1779454782991,2028,CreateIndividual,200,OK,CreateIndividual 3-1,text,true,,1636,8570,2,4,https://api-scuda.uat.oci.krungsri.tech/ic/api/v1/customer/individual/createprofile,2028,0,0
1779454785034,45,SearchIndividual,200,OK,SearchIndividual 2-16,text,true,,1161,2602,1,4,https://api-scuda.uat.oci.krungsri.tech/ords/api/v1/customer/individual/searchprofile,45,0,21
1779454782991,2195,CreateIndividual,200,OK,CreateIndividual 3-2,text,true,,1636,8552,2,7,https://api-scuda.uat.oci.krungsri.tech/ic/api/v1/customer/individual/createprofile,2195,0,15
1779454785206,46,SearchIndividual,200,OK,SearchIndividual 2-17,text,true,,1201,2602,1,8,https://api-scuda.uat.oci.krungsri.tech/ords/api/v1/customer/individual/searchprofile,46,0,22
1779454785298,57,SearchIndividual,200,OK,SearchIndividual 2-18,text,true,,1175,2602,1,10,https://api-scuda.uat.oci.krungsri.tech/ords/api/v1/customer/individual/searchprofile,57,0,32
1779454785335,29,SearchJuristic,200,OK,SearchJuristic 6-5,text,true,,1008,2600,1,9,https://api-scuda.uat.oci.krungsri.tech/ords/api/v1/customer/juristic/searchprofile,29,0,18
1779454785101,292,GetIndividual,200,OK,GetIndividual 1-10,text,true,,3857,3586,2,10,https://api-scuda.uat.oci.krungsri.tech/ic/api/v1/customer/individual/getprofile,292,0,14
1779454785371,38,SearchIndividual,200,OK,SearchIndividual 2-19,text,true,,1145,2602,1,9,https://api-scuda.uat.oci.krungsri.tech/ords/api/v1/customer/individual/searchprofile,38,0,16
1779454785088,325,GetIndividual,200,OK,GetIndividual 1-9,text,true,,3883,3588,1,8,https://api-scuda.uat.oci.krungsri.tech/ic/api/v1/customer/individual/getprofile,325,0,20
1779454785319,109,GetJoint,200,OK,GetJoint 9-5,text,true,,1429,3530,1,7,https://api-scuda.uat.oci.krungsri.tech/ic/api/v1/customer/joint/getprofile,109,0,21
1779454785020,498,CreateJoint,500,Server Error,CreateJoint 11-5,text,false,,1637,6132,1,6,https://api-scuda.uat.oci.krungsri.tech/ic/api/v1/customer/joint/createprofile,498,0,21
1779454785203,316,UpdateJoint,500,Server Error,UpdateJoint 12-5,text,false,,1270,3614,1,6,https://api-scuda.uat.oci.krungsri.tech/ic/api/v1/customer/joint/updateprofile,316,0,22
1779454784984,573,UpdateJuristic,500,Server Error,UpdateJuristic 8-5,text,false,,1270,5776,1,5,https://api-scuda.uat.oci.krungsri.tech/ic/api/v1/customer/juristic/updateprofile,573,0,17
1779454785560,118,GetIndividual,200,OK,GetIndividual 1-11,text,true,,3872,3588,1,9,https://api-scuda.uat.oci.krungsri.tech/ic/api/v1/customer/individual/getprofile,118,0,22
1779454785679,38,SearchJoint,200,OK,SearchJoint 10-6,text,true,,621,2627,1,9,https://api-scuda.uat.oci.krungsri.tech/ords/api/v1/customer/joint/searchprofile,38,0,14
1779454785371,347,CreateJuristic,500,Server Error,CreateJuristic 7-6,text,false,,1637,7929,2,9,https://api-scuda.uat.oci.krungsri.tech/ic/api/v1/customer/juristic/createprofile,346,0,22
1779454785679,44,SearchJuristic,200,OK,SearchJuristic 6-6,text,true,,1017,2600,1,7,https://api-scuda.uat.oci.krungsri.tech/ords/api/v1/customer/juristic/searchprofile,44,0,27
1779454785688,43,SearchIndividual,200,OK,SearchIndividual 2-20,text,true,,1223,2602,1,6,https://api-scuda.uat.oci.krungsri.tech/ords/api/v1/customer/individual/searchprofile,43,0,21
1779454785771,60,SearchIndividual,200,OK,SearchIndividual 2-21,text,true,,1135,2602,1,8,https://api-scuda.uat.oci.krungsri.tech/ords/api/v1/customer/individual/searchprofile,60,0,36
1779454785142,715,CreateIndividual,200,OK,CreateIndividual 3-5,text,true,,1636,8348,1,8,https://api-scuda.uat.oci.krungsri.tech/ic/api/v1/customer/individual/createprofile,715,0,14
1779454785190,699,CreateJuristic,500,Server Error,CreateJuristic 7-5,text,false,,1636,7710,1,7,https://api-scuda.uat.oci.krungsri.tech/ic/api/v1/customer/juristic/createprofile,699,0,36
1779454785846,53,SearchIndividual,200,OK,SearchIndividual 2-22,text,true,,1179,2602,2,7,https://api-scuda.uat.oci.krungsri.tech/ords/api/v1/customer/individual/searchprofile,53,0,13
1779454785894,48,SearchIndividual,200,OK,SearchIndividual 2-23,text,true,,1175,2602,1,6,https://api-scuda.uat.oci.krungsri.tech/ords/api/v1/customer/individual/searchprofile,48,0,21
1779454785578,406,UpdateJuristic,500,Server Error,UpdateJuristic 8-6,text,false,,1270,4422,1,5,https://api-scuda.uat.oci.krungsri.tech/ic/api/v1/customer/juristic/updateprofile,406,0,20
1779454785543,458,UpdateIndividual,200,OK,UpdateIndividual 4-8,text,true,,1280,5551,1,6,https://api-scuda.uat.oci.krungsri.tech/ic/api/v1/customer/individual/updateprofile,458,0,22
1779454785771,281,GetIndividual,200,OK,GetIndividual 1-12,text,true,,3900,3588,3,7,https://api-scuda.uat.oci.krungsri.tech/ic/api/v1/customer/individual/getprofile,281,0,37
1779454786032,49,SearchIndividual,200,OK,SearchIndividual 2-24,text,true,,1147,2602,1,6,https://api-scuda.uat.oci.krungsri.tech/ords/api/v1/customer/individual/searchprofile,49,0,24
1779454785578,521,UpdateJoint,500,Server Error,UpdateJoint 12-6,text,false,,1270,4632,1,6,https://api-scuda.uat.oci.krungsri.tech/ic/api/v1/customer/joint/updateprofile,521,0,21
1779454785992,115,GetIndividual,200,OK,GetIndividual 1-13,text,true,,3873,3588,2,5,https://api-scuda.uat.oci.krungsri.tech/ic/api/v1/customer/individual/getprofile,115,0,22
1779454786002,156,GetJuristic,200,OK,GetJuristic 5-6,text,true,,3507,3533,1,4,https://api-scuda.uat.oci.krungsri.tech/ic/api/v1/customer/juristic/getprofile,156,0,19
1779454786091,209,UpdateIndividual,200,OK,UpdateIndividual 4-9,text,true,,1280,4229,1,6,https://api-scuda.uat.oci.krungsri.tech/ic/api/v1/customer/individual/updateprofile,209,0,23
1779454786278,43,SearchIndividual,200,OK,SearchIndividual 2-25,text,true,,1151,2602,1,5,https://api-scuda.uat.oci.krungsri.tech/ords/api/v1/customer/individual/searchprofile,43,0,19
1779454785738,589,CreateJoint,500,Server Error,CreateJoint 11-6,text,false,,1637,5925,1,4,https://api-scuda.uat.oci.krungsri.tech/ic/api/v1/customer/joint/createprofile,589,0,23
1779454786039,302,GetIndividual,200,OK,GetIndividual 1-14,text,true,,3887,3588,1,4,https://api-scuda.uat.oci.krungsri.tech/ic/api/v1/customer/individual/getprofile,302,0,18
1779454786409,36,SearchIndividual,200,OK,SearchIndividual 2-26,text,true,,1191,2602,1,5,https://api-scuda.uat.oci.krungsri.tech/ords/api/v1/customer/individual/searchprofile,36,0,13
1779454786165,297,GetJoint,200,OK,GetJoint 9-6,text,true,,1429,3530,1,4,https://api-scuda.uat.oci.krungsri.tech/ic/api/v1/customer/joint/getprofile,297,0,18
1779454786487,38,SearchIndividual,200,OK,SearchIndividual 2-27,text,true,,1169,2602,2,6,https://api-scuda.uat.oci.krungsri.tech/ords/api/v1/customer/individual/searchprofile,38,0,15
1779454786498,43,SearchIndividual,200,OK,SearchIndividual 2-28,text,true,,1155,2602,1,6,https://api-scuda.uat.oci.krungsri.tech/ords/api/v1/customer/individual/searchprofile,43,0,24
1779454786597,45,SearchIndividual,200,OK,SearchIndividual 2-29,text,true,,1161,2602,2,9,https://api-scuda.uat.oci.krungsri.tech/ords/api/v1/customer/individual/searchprofile,45,0,22
1779454786634,53,SearchIndividual,200,OK,SearchIndividual 2-30,text,true,,1185,2602,1,8,https://api-scuda.uat.oci.krungsri.tech/ords/api/v1/customer/individual/searchprofile,53,0,28
1779454786344,398,UpdateIndividual,200,OK,UpdateIndividual 4-10,text,true,,1280,4227,2,7,https://api-scuda.uat.oci.krungsri.tech/ic/api/v1/customer/individual/updateprofile,398,0,22
1779454786530,257,GetJoint,200,OK,GetJoint 9-7,text,true,,1431,3530,1,6,https://api-scuda.uat.oci.krungsri.tech/ic/api/v1/customer/joint/getprofile,257,0,13
1779454786302,592,CreateIndividual,200,OK,CreateIndividual 3-6,text,true,,1636,8576,2,5,https://api-scuda.uat.oci.krungsri.tech/ic/api/v1/customer/individual/createprofile,592,0,36
1779454786485,411,UpdateIndividual,200,OK,UpdateIndividual 4-11,text,true,,1280,4227,1,4,https://api-scuda.uat.oci.krungsri.tech/ic/api/v1/customer/individual/updateprofile,411,0,23
1779454786425,561,UpdateJuristic,500,Server Error,UpdateJuristic 8-7,text,false,,1270,4425,1,6,https://api-scuda.uat.oci.krungsri.tech/ic/api/v1/customer/juristic/updateprofile,561,0,22
1779454787007,39,SearchJoint,200,OK,SearchJoint 10-7,text,true,,620,2626,1,7,https://api-scuda.uat.oci.krungsri.tech/ords/api/v1/customer/joint/searchprofile,38,0,26
1779454786903,187,UpdateIndividual,200,OK,UpdateIndividual 4-12,text,true,,1280,4227,1,7,https://api-scuda.uat.oci.krungsri.tech/ic/api/v1/customer/individual/updateprofile,187,0,12
1779454787106,54,SearchIndividual,200,OK,SearchIndividual 2-31,text,true,,1141,2602,2,10,https://api-scuda.uat.oci.krungsri.tech/ords/api/v1/customer/individual/searchprofile,54,0,24
1779454786582,588,CreateJuristic,500,Server Error,CreateJuristic 7-7,text,false,,1637,7926,1,9,https://api-scuda.uat.oci.krungsri.tech/ic/api/v1/customer/juristic/createprofile,588,0,23
1779454786995,187,GetIndividual,200,OK,GetIndividual 1-15,text,true,,3861,3588,3,8,https://api-scuda.uat.oci.krungsri.tech/ic/api/v1/customer/individual/getprofile,187,0,23
1779454787147,43,SearchIndividual,200,OK,SearchIndividual 2-32,text,true,,1191,2602,1,7,https://api-scuda.uat.oci.krungsri.tech/ords/api/v1/customer/individual/searchprofile,43,0,21
1779454786911,292,GetJuristic,200,OK,GetJuristic 5-7,text,true,,3485,3533,1,7,https://api-scuda.uat.oci.krungsri.tech/ic/api/v1/customer/juristic/getprofile,292,0,19
1779454787193,31,SearchJuristic,200,OK,SearchJuristic 6-7,text,true,,979,2600,1,7,https://api-scuda.uat.oci.krungsri.tech/ords/api/v1/customer/juristic/searchprofile,31,0,19
1779454787087,188,GetIndividual,200,OK,GetIndividual 1-16,text,true,,3821,3588,3,7,https://api-scuda.uat.oci.krungsri.tech/ic/api/v1/customer/individual/getprofile,188,0,23
1779454787281,46,SearchIndividual,200,OK,SearchIndividual 2-33,text,true,,1129,2602,1,7,https://api-scuda.uat.oci.krungsri.tech/ords/api/v1/customer/individual/searchprofile,45,0,22
1779454787245,129,GetIndividual,200,OK,GetIndividual 1-18,text,true,,3835,3588,3,8,https://api-scuda.uat.oci.krungsri.tech/ic/api/v1/customer/individual/getprofile,129,0,17
1779454787155,234,UpdateIndividual,200,OK,UpdateIndividual 4-13,text,true,,1280,5573,1,7,https://api-scuda.uat.oci.krungsri.tech/ic/api/v1/customer/individual/updateprofile,234,0,19
1779454787125,283,GetIndividual,200,OK,GetIndividual 1-17,text,true,,3833,3588,2,6,https://api-scuda.uat.oci.krungsri.tech/ic/api/v1/customer/individual/getprofile,283,0,15
1779454786948,597,CreateJoint,500,Server Error,CreateJoint 11-7,text,false,,1637,5956,1,7,https://api-scuda.uat.oci.krungsri.tech/ic/api/v1/customer/joint/createprofile,597,0,21
1779454787376,182,UpdateJoint,500,Server Error,UpdateJoint 12-8,text,false,,1270,4568,2,9,https://api-scuda.uat.oci.krungsri.tech/ic/api/v1/customer/joint/updateprofile,182,0,14
1779454787452,112,GetIndividual,200,OK,GetIndividual 1-20,text,true,,3804,3588,2,8,https://api-scuda.uat.oci.krungsri.tech/ic/api/v1/customer/individual/getprofile,112,0,18
1779454787552,23,SearchJoint,200,OK,SearchJoint 10-8,text,true,,621,2627,1,7,https://api-scuda.uat.oci.krungsri.tech/ords/api/v1/customer/joint/searchprofile,23,0,11
1779454787337,313,GetIndividual,200,OK,GetIndividual 1-19,text,true,,3806,3588,4,9,https://api-scuda.uat.oci.krungsri.tech/ic/api/v1/customer/individual/getprofile,313,0,31
1779454787222,448,UpdateJoint,500,Server Error,UpdateJoint 12-7,text,false,,1270,4545,1,8,https://api-scuda.uat.oci.krungsri.tech/ic/api/v1/customer/joint/updateprofile,448,0,22
1779454786640,1034,CreateIndividual,200,OK,CreateIndividual 3-7,text,true,,1636,8214,1,7,https://api-scuda.uat.oci.krungsri.tech/ic/api/v1/customer/individual/createprofile,1033,0,26
1779454787604,109,GetIndividual,200,OK,GetIndividual 1-21,text,true,,3859,3588,3,6,https://api-scuda.uat.oci.krungsri.tech/ic/api/v1/customer/individual/getprofile,109,0,20
1779454787622,111,GetIndividual,200,OK,GetIndividual 1-22,text,true,,3820,3588,2,5,https://api-scuda.uat.oci.krungsri.tech/ic/api/v1/customer/individual/getprofile,111,0,22
1779454787489,251,GetJoint,200,OK,GetJoint 9-8,text,true,,1431,3530,1,4,https://api-scuda.uat.oci.krungsri.tech/ic/api/v1/customer/joint/getprofile,251,0,40
1779454787765,116,GetJuristic,200,OK,GetJuristic 5-8,text,true,,3489,3533,1,6,https://api-scuda.uat.oci.krungsri.tech/ic/api/v1/customer/juristic/getprofile,116,0,22
1779454787906,42,SearchIndividual,200,OK,SearchIndividual 2-34,text,true,,1239,2602,2,7,https://api-scuda.uat.oci.krungsri.tech/ords/api/v1/customer/individual/searchprofile,42,0,19
1779454787551,398,UpdateJuristic,500,Server Error,UpdateJuristic 8-8,text,false,,1270,5767,1,7,https://api-scuda.uat.oci.krungsri.tech/ic/api/v1/customer/juristic/updateprofile,398,0,16
1779454787643,346,GetIndividual,200,OK,GetIndividual 1-23,text,true,,3924,3588,1,6,https://api-scuda.uat.oci.krungsri.tech/ic/api/v1/customer/individual/getprofile,346,0,20
1779454787969,27,SearchJuristic,200,OK,SearchJuristic 6-8,text,true,,999,2600,1,5,https://api-scuda.uat.oci.krungsri.tech/ords/api/v1/customer/juristic/searchprofile,27,0,16
1779454787948,53,SearchIndividual,200,OK,SearchIndividual 2-35,text,true,,1170,2601,1,4,https://api-scuda.uat.oci.krungsri.tech/ords/api/v1/customer/individual/searchprofile,53,0,23
1779454787860,168,UpdateIndividual,200,OK,UpdateIndividual 4-14,text,true,,1280,5574,1,4,https://api-scuda.uat.oci.krungsri.tech/ic/api/v1/customer/individual/updateprofile,168,0,24
1779454788014,49,SearchIndividual,200,OK,SearchIndividual 2-36,text,true,,1185,2602,1,3,https://api-scuda.uat.oci.krungsri.tech/ords/api/v1/customer/individual/searchprofile,49,0,20
1779454788090,54,SearchIndividual,200,OK,SearchIndividual 2-37,text,true,,1173,2602,1,4,https://api-scuda.uat.oci.krungsri.tech/ords/api/v1/customer/individual/searchprofile,54,0,24
1779454788155,41,SearchIndividual,200,OK,SearchIndividual 2-38,text,true,,1179,2602,2,6,https://api-scuda.uat.oci.krungsri.tech/ords/api/v1/customer/individual/searchprofile,41,0,17
1779454788167,41,SearchIndividual,200,OK,SearchIndividual 2-39,text,true,,1119,2602,1,6,https://api-scuda.uat.oci.krungsri.tech/ords/api/v1/customer/individual/searchprofile,41,0,21
1779454787561,734,CreateJuristic,500,Server Error,CreateJuristic 7-8,text,false,,1636,7851,1,7,https://api-scuda.uat.oci.krungsri.tech/ic/api/v1/customer/juristic/createprofile,734,0,22
1779454788257,43,SearchIndividual,200,OK,SearchIndividual 2-40,text,true,,1177,2602,1,6,https://api-scuda.uat.oci.krungsri.tech/ords/api/v1/customer/individual/searchprofile,43,0,18
1779454788314,49,SearchIndividual,200,OK,SearchIndividual 2-41,text,true,,1233,2602,2,9,https://api-scuda.uat.oci.krungsri.tech/ords/api/v1/customer/individual/searchprofile,49,0,24
1779454788314,65,SearchIndividual,200,OK,SearchIndividual 2-42,text,true,,1213,2602,1,9,https://api-scuda.uat.oci.krungsri.tech/ords/api/v1/customer/individual/searchprofile,65,0,40
1779454788211,173,UpdateIndividual,200,OK,UpdateIndividual 4-16,text,true,,1280,4228,4,9,https://api-scuda.uat.oci.krungsri.tech/ic/api/v1/customer/individual/updateprofile,173,0,22
1779454787758,639,CreateJoint,500,Server Error,CreateJoint 11-8,text,false,,1637,5852,1,8,https://api-scuda.uat.oci.krungsri.tech/ic/api/v1/customer/joint/createprofile,639,0,21
1779454788329,95,GetIndividual,200,OK,GetIndividual 1-25,text,true,,3854,3588,2,7,https://api-scuda.uat.oci.krungsri.tech/ic/api/v1/customer/individual/getprofile,95,0,24
1779454788385,52,SearchIndividual,200,OK,SearchIndividual 2-43,text,true,,1111,2602,1,6,https://api-scuda.uat.oci.krungsri.tech/ords/api/v1/customer/individual/searchprofile,52,0,29
1779454788102,347,UpdateIndividual,200,OK,UpdateIndividual 4-15,text,true,,1280,4227,3,5,https://api-scuda.uat.oci.krungsri.tech/ic/api/v1/customer/individual/updateprofile,347,0,22
1779454788194,310,GetIndividual,200,OK,GetIndividual 1-24,text,true,,3850,3587,1,5,https://api-scuda.uat.oci.krungsri.tech/ic/api/v1/customer/individual/getprofile,310,0,21
1779454788333,173,UpdateIndividual,200,OK,UpdateIndividual 4-17,text,true,,1280,4229,2,4,https://api-scuda.uat.oci.krungsri.tech/ic/api/v1/customer/individual/updateprofile,173,0,23
1779454788369,185,UpdateIndividual,200,OK,UpdateIndividual 4-18,text,true,,1280,5589,1,6,https://api-scuda.uat.oci.krungsri.tech/ic/api/v1/customer/individual/updateprofile,185,0,18
1779454788530,37,SearchIndividual,200,OK,SearchIndividual 2-45,text,true,,1133,2602,2,5,https://api-scuda.uat.oci.krungsri.tech/ords/api/v1/customer/individual/searchprofile,37,0,23
1779454788530,47,SearchIndividual,200,OK,SearchIndividual 2-44,text,true,,1167,2602,1,6,https://api-scuda.uat.oci.krungsri.tech/ords/api/v1/customer/individual/searchprofile,47,0,23
1779454788573,30,SearchJuristic,200,OK,SearchJuristic 6-9,text,true,,1000,2600,1,5,https://api-scuda.uat.oci.krungsri.tech/ords/api/v1/customer/juristic/searchprofile,29,0,18
1779454788614,52,SearchIndividual,200,OK,SearchIndividual 2-46,text,true,,1139,2602,1,6,https://api-scuda.uat.oci.krungsri.tech/ords/api/v1/customer/individual/searchprofile,52,0,24
1779454788569,106,GetIndividual,200,OK,GetIndividual 1-26,text,true,,3839,3588,2,6,https://api-scuda.uat.oci.krungsri.tech/ic/api/v1/customer/individual/getprofile,106,0,19
1779454788664,40,SearchJoint,200,OK,SearchJoint 10-9,text,true,,621,2627,1,6,https://api-scuda.uat.oci.krungsri.tech/ords/api/v1/customer/joint/searchprofile,40,0,27
1779454788744,32,SearchIndividual,200,OK,SearchIndividual 2-47,text,true,,1199,2602,1,8,https://api-scuda.uat.oci.krungsri.tech/ords/api/v1/customer/individual/searchprofile,32,0,10
1779454788668,115,GetIndividual,200,OK,GetIndividual 1-27,text,true,,3814,3588,3,7,https://api-scuda.uat.oci.krungsri.tech/ic/api/v1/customer/individual/getprofile,115,0,23
1779454788692,92,GetIndividual,200,OK,GetIndividual 1-28,text,true,,3909,3588,2,6,https://api-scuda.uat.oci.krungsri.tech/ic/api/v1/customer/individual/getprofile,92,0,21
1779454788788,33,SearchIndividual,200,OK,SearchIndividual 2-49,text,true,,1167,2602,2,8,https://api-scuda.uat.oci.krungsri.tech/ords/api/v1/customer/individual/searchprofile,33,0,12
1779454788788,41,SearchIndividual,200,OK,SearchIndividual 2-48,text,true,,1211,2602,1,7,https://api-scuda.uat.oci.krungsri.tech/ords/api/v1/customer/individual/searchprofile,40,0,21
1779454788292,600,CreateIndividual,200,OK,CreateIndividual 3-8,text,true,,1636,7933,2,6,https://api-scuda.uat.oci.krungsri.tech/ic/api/v1/customer/individual/createprofile,600,0,21
1779454788728,172,GetIndividual,200,OK,GetIndividual 1-29,text,true,,3906,3588,1,5,https://api-scuda.uat.oci.krungsri.tech/ic/api/v1/customer/individual/getprofile,172,0,18
1779454788466,436,UpdateJuristic,500,Server Error,UpdateJuristic 8-9,text,false,,1270,4426,1,5,https://api-scuda.uat.oci.krungsri.tech/ic/api/v1/customer/juristic/updateprofile,436,0,16
1779454788994,46,SearchIndividual,200,OK,SearchIndividual 2-50,text,true,,1241,2602,2,8,https://api-scuda.uat.oci.krungsri.tech/ords/api/v1/customer/individual/searchprofile,46,0,22
1779454788806,263,UpdateIndividual,200,OK,UpdateIndividual 4-19,text,true,,1280,4228,3,9,https://api-scuda.uat.oci.krungsri.tech/ic/api/v1/customer/individual/updateprofile,263,0,21
1779454789027,51,SearchIndividual,200,OK,SearchIndividual 2-51,text,true,,1191,2602,2,9,https://api-scuda.uat.oci.krungsri.tech/ords/api/v1/customer/individual/searchprofile,51,0,26
1779454788933,167,UpdateIndividual,200,OK,UpdateIndividual 4-21,text,true,,1280,5621,2,8,https://api-scuda.uat.oci.krungsri.tech/ic/api/v1/customer/individual/updateprofile,167,0,22
1779454789057,53,SearchIndividual,200,OK,SearchIndividual 2-52,text,true,,1195,2602,1,7,https://api-scuda.uat.oci.krungsri.tech/ords/api/v1/customer/individual/searchprofile,53,0,23
1779454788773,376,UpdateJoint,500,Server Error,UpdateJoint 12-9,text,false,,1270,4632,1,6,https://api-scuda.uat.oci.krungsri.tech/ic/api/v1/customer/joint/updateprofile,376,0,13
1779454789074,111,GetIndividual,200,OK,GetIndividual 1-30,text,true,,3880,3588,1,5,https://api-scuda.uat.oci.krungsri.tech/ic/api/v1/customer/individual/getprofile,111,0,24
1779454788906,302,UpdateIndividual,200,OK,UpdateIndividual 4-20,text,true,,1280,5632,1,5,https://api-scuda.uat.oci.krungsri.tech/ic/api/v1/customer/individual/updateprofile,302,0,16
1779454789031,195,GetJoint,200,OK,GetJoint 9-9,text,true,,1429,3530,1,5,https://api-scuda.uat.oci.krungsri.tech/ic/api/v1/customer/joint/getprofile,195,0,18
1779454788552,710,CreateIndividual,200,OK,CreateIndividual 3-9,text,true,,1636,8050,1,4,https://api-scuda.uat.oci.krungsri.tech/ic/api/v1/customer/individual/createprofile,710,0,23
1779454789214,93,GetIndividual,200,OK,GetIndividual 1-31,text,true,,3831,3588,1,3,https://api-scuda.uat.oci.krungsri.tech/ic/api/v1/customer/individual/getprofile,93,0,16
1779454789312,43,SearchIndividual,200,OK,SearchIndividual 2-53,text,true,,1185,2602,1,4,https://api-scuda.uat.oci.krungsri.tech/ords/api/v1/customer/individual/searchprofile,43,0,19
1779454789321,259,GetJuristic,200,OK,GetJuristic 5-9,text,true,,3504,3533,1,9,https://api-scuda.uat.oci.krungsri.tech/ic/api/v1/customer/juristic/getprofile,259,0,26
1779454789564,40,SearchIndividual,200,OK,SearchIndividual 2-54,text,true,,1171,2602,2,9,https://api-scuda.uat.oci.krungsri.tech/ords/api/v1/customer/individual/searchprofile,39,0,11
1779454789505,118,GetIndividual,200,OK,GetIndividual 1-32,text,true,,3887,3588,4,8,https://api-scuda.uat.oci.krungsri.tech/ic/api/v1/customer/individual/getprofile,118,0,21
1779454789592,32,SearchIndividual,200,OK,SearchIndividual 2-55,text,true,,1183,2602,1,7,https://api-scuda.uat.oci.krungsri.tech/ords/api/v1/customer/individual/searchprofile,32,0,12
1779454789523,109,GetIndividual,200,OK,GetIndividual 1-34,text,true,,3863,3588,3,6,https://api-scuda.uat.oci.krungsri.tech/ic/api/v1/customer/individual/getprofile,109,0,25
1779454789372,289,CreateJoint,500,Server Error,CreateJoint 11-10,text,false,,1636,5674,2,5,https://api-scuda.uat.oci.krungsri.tech/ic/api/v1/customer/joint/createprofile,289,0,18
1779454789542,119,GetIndividual,200,OK,GetIndividual 1-35,text,true,,3881,3588,2,5,https://api-scuda.uat.oci.krungsri.tech/ic/api/v1/customer/individual/getprofile,119,0,26
1779454789702,34,SearchIndividual,200,OK,SearchIndividual 2-57,text,true,,1179,2602,2,5,https://api-scuda.uat.oci.krungsri.tech/ords/api/v1/customer/individual/searchprofile,34,0,21
1779454789696,45,SearchIndividual,200,OK,SearchIndividual 2-56,text,true,,1128,2601,1,4,https://api-scuda.uat.oci.krungsri.tech/ords/api/v1/customer/individual/searchprofile,45,0,21
1779454789510,316,GetIndividual,200,OK,GetIndividual 1-33,text,true,,3833,3588,2,8,https://api-scuda.uat.oci.krungsri.tech/ic/api/v1/customer/individual/getprofile,316,0,23
1779454789798,45,SearchIndividual,200,OK,SearchIndividual 2-58,text,true,,1201,2602,1,9,https://api-scuda.uat.oci.krungsri.tech/ords/api/v1/customer/individual/searchprofile,45,0,21
1779454789808,36,SearchJuristic,200,OK,SearchJuristic 6-10,text,true,,996,2600,1,9,https://api-scuda.uat.oci.krungsri.tech/ords/api/v1/customer/juristic/searchprofile,36,0,23
1779454789774,99,GetIndividual,200,OK,GetIndividual 1-36,text,true,,3875,3588,1,9,https://api-scuda.uat.oci.krungsri.tech/ic/api/v1/customer/individual/getprofile,99,0,22
1779454789844,36,SearchIndividual,200,OK,SearchIndividual 2-59,text,true,,1157,2602,3,9,https://api-scuda.uat.oci.krungsri.tech/ords/api/v1/customer/individual/searchprofile,35,0,23
1779454789856,32,SearchIndividual,200,OK,SearchIndividual 2-60,text,true,,1183,2602,2,9,https://api-scuda.uat.oci.krungsri.tech/ords/api/v1/customer/individual/searchprofile,32,0,10
1779454789059,841,CreateJuristic,500,Server Error,CreateJuristic 7-9,text,false,,1637,7890,2,8,https://api-scuda.uat.oci.krungsri.tech/ic/api/v1/customer/juristic/createprofile,841,0,24
1779454789211,697,CreateJoint,500,Server Error,CreateJoint 11-9,text,false,,1637,5637,1,7,https://api-scuda.uat.oci.krungsri.tech/ic/api/v1/customer/joint/createprofile,697,0,22
1779454789875,41,SearchIndividual,200,OK,SearchIndividual 2-61,text,true,,1159,2602,1,6,https://api-scuda.uat.oci.krungsri.tech/ords/api/v1/customer/individual/searchprofile,41,0,21
1779454789927,33,SearchJoint,200,OK,SearchJoint 10-10,text,true,,621,2627,1,7,https://api-scuda.uat.oci.krungsri.tech/ords/api/v1/customer/joint/searchprofile,33,0,22
1779454789937,46,SearchIndividual,200,OK,SearchIndividual 2-62,text,true,,1190,2601,1,6,https://api-scuda.uat.oci.krungsri.tech/ords/api/v1/customer/individual/searchprofile,46,0,22
1779454789991,42,SearchIndividual,200,OK,SearchIndividual 2-63,text,true,,1217,2602,1,7,https://api-scuda.uat.oci.krungsri.tech/ords/api/v1/customer/individual/searchprofile,42,0,19
1779454790003,116,GetIndividual,200,OK,GetIndividual 1-37,text,true,,3855,3587,1,8,https://api-scuda.uat.oci.krungsri.tech/ic/api/v1/customer/individual/getprofile,116,0,24
1779454789782,341,UpdateIndividual,200,OK,UpdateIndividual 4-22,text,true,,1280,5531,3,7,https://api-scuda.uat.oci.krungsri.tech/ic/api/v1/customer/individual/updateprofile,341,0,20
1779454790114,46,SearchIndividual,200,OK,SearchIndividual 2-64,text,true,,1211,2602,1,7,https://api-scuda.uat.oci.krungsri.tech/ords/api/v1/customer/individual/searchprofile,46,0,19
1779454789784,424,UpdateJoint,500,Server Error,UpdateJoint 12-10,text,false,,1269,4603,1,8,https://api-scuda.uat.oci.krungsri.tech/ic/api/v1/customer/joint/updateprofile,424,0,21
1779454789834,376,UpdateIndividual,200,OK,UpdateIndividual 4-23,text,true,,1280,4227,3,7,https://api-scuda.uat.oci.krungsri.tech/ic/api/v1/customer/individual/updateprofile,376,0,20
1779454790166,47,SearchIndividual,200,OK,SearchIndividual 2-65,text,true,,1172,2601,1,6,https://api-scuda.uat.oci.krungsri.tech/ords/api/v1/customer/individual/searchprofile,47,0,23
1779454790068,211,GetJuristic,200,OK,GetJuristic 5-10,text,true,,3492,3533,1,8,https://api-scuda.uat.oci.krungsri.tech/ic/api/v1/customer/juristic/getprofile,211,0,16
1779454789890,391,UpdateIndividual,200,OK,UpdateIndividual 4-24,text,true,,1280,5636,2,7,https://api-scuda.uat.oci.krungsri.tech/ic/api/v1/customer/individual/updateprofile,391,0,22
1779454790227,127,GetIndividual,200,OK,GetIndividual 1-38,text,true,,3862,3588,1,6,https://api-scuda.uat.oci.krungsri.tech/ic/api/v1/customer/individual/getprofile,127,0,22
1779454790204,176,UpdateIndividual,200,OK,UpdateIndividual 4-25,text,true,,1280,4229,1,5,https://api-scuda.uat.oci.krungsri.tech/ic/api/v1/customer/individual/updateprofile,176,0,21
1779454789834,556,CreateJuristic,500,Server Error,CreateJuristic 7-10,text,false,,1637,7668,1,4,https://api-scuda.uat.oci.krungsri.tech/ic/api/v1/customer/juristic/createprofile,556,0,19
1779454790398,45,SearchIndividual,200,OK,SearchIndividual 2-66,text,true,,1131,2602,1,7,https://api-scuda.uat.oci.krungsri.tech/ords/api/v1/customer/individual/searchprofile,45,0,20
1779454790406,37,SearchJuristic,200,OK,SearchJuristic 6-11,text,true,,1016,2600,1,7,https://api-scuda.uat.oci.krungsri.tech/ords/api/v1/customer/juristic/searchprofile,37,0,14
1779454790256,281,GetJoint,200,OK,GetJoint 9-10,text,true,,1429,3530,1,8,https://api-scuda.uat.oci.krungsri.tech/ic/api/v1/customer/joint/getprofile,281,0,20
1779454790512,28,SearchIndividual,200,OK,SearchIndividual 2-68,text,true,,1221,2602,2,7,https://api-scuda.uat.oci.krungsri.tech/ords/api/v1/customer/individual/searchprofile,28,0,15
1779454790506,41,SearchIndividual,200,OK,SearchIndividual 2-67,text,true,,1167,2602,1,6,https://api-scuda.uat.oci.krungsri.tech/ords/api/v1/customer/individual/searchprofile,41,0,18
1779454790450,110,GetIndividual,200,OK,GetIndividual 1-39,text,true,,3853,3588,1,5,https://api-scuda.uat.oci.krungsri.tech/ic/api/v1/customer/individual/getprofile,110,0,19
1779454790244,346,CreateIndividual,200,OK,CreateIndividual 3-10,text,true,,1636,8291,1,5,https://api-scuda.uat.oci.krungsri.tech/ic/api/v1/customer/individual/createprofile,346,0,20
1779454790161,436,UpdateJuristic,500,Server Error,UpdateJuristic 8-10,text,false,,1269,5773,2,5,https://api-scuda.uat.oci.krungsri.tech/ic/api/v1/customer/juristic/updateprofile,436,0,18
1779454790571,56,SearchIndividual,200,OK,SearchIndividual 2-69,text,true,,1187,2602,3,7,https://api-scuda.uat.oci.krungsri.tech/ords/api/v1/customer/individual/searchprofile,56,0,30
1779454790599,31,SearchIndividual,200,OK,SearchIndividual 2-71,text,true,,1137,2602,2,6,https://api-scuda.uat.oci.krungsri.tech/ords/api/v1/customer/individual/searchprofile,31,0,20
1779454790599,44,SearchIndividual,200,OK,SearchIndividual 2-70,text,true,,1149,2602,1,6,https://api-scuda.uat.oci.krungsri.tech/ords/api/v1/customer/individual/searchprofile,44,0,14
1779454790418,242,UpdateIndividual,200,OK,UpdateIndividual 4-26,text,true,,1280,5549,2,5,https://api-scuda.uat.oci.krungsri.tech/ic/api/v1/customer/individual/updateprofile,242,0,42
1779454790426,276,UpdateJuristic,500,Server Error,UpdateJuristic 8-11,text,false,,1270,4420,1,5,https://api-scuda.uat.oci.krungsri.tech/ic/api/v1/customer/juristic/updateprofile,276,0,33
1779454790608,106,GetIndividual,200,OK,GetIndividual 1-40,text,true,,3903,3588,1,5,https://api-scuda.uat.oci.krungsri.tech/ic/api/v1/customer/individual/getprofile,106,0,18
1779454790680,98,GetJoint,200,OK,GetJoint 9-11,text,true,,1429,3530,1,8,https://api-scuda.uat.oci.krungsri.tech/ic/api/v1/customer/joint/getprofile,98,0,18
1779454790761,51,SearchIndividual,200,OK,SearchIndividual 2-72,text,true,,1171,2602,2,8,https://api-scuda.uat.oci.krungsri.tech/ords/api/v1/customer/individual/searchprofile,51,0,20
1779454790721,110,GetIndividual,200,OK,GetIndividual 1-41,text,true,,3873,3588,2,9,https://api-scuda.uat.oci.krungsri.tech/ic/api/v1/customer/individual/getprofile,110,0,19
1779454790817,33,SearchIndividual,200,OK,SearchIndividual 2-74,text,true,,1171,2602,2,8,https://api-scuda.uat.oci.krungsri.tech/ords/api/v1/customer/individual/searchprofile,33,0,20
1779454790810,51,SearchIndividual,200,OK,SearchIndividual 2-73,text,true,,1153,2602,2,8,https://api-scuda.uat.oci.krungsri.tech/ords/api/v1/customer/individual/searchprofile,51,0,19
1779454790770,94,GetIndividual,200,OK,GetIndividual 1-42,text,true,,3875,3588,1,7,https://api-scuda.uat.oci.krungsri.tech/ic/api/v1/customer/individual/getprofile,94,0,9
1779454790645,227,UpdateIndividual,200,OK,UpdateIndividual 4-27,text,true,,1280,5634,4,6,https://api-scuda.uat.oci.krungsri.tech/ic/api/v1/customer/individual/updateprofile,227,0,18
1779454790859,107,SearchIndividual,200,OK,SearchIndividual 2-75,text,true,,1227,2602,1,6,https://api-scuda.uat.oci.krungsri.tech/ords/api/v1/customer/individual/searchprofile,107,0,27
1779454790734,235,UpdateIndividual,200,OK,UpdateIndividual 4-29,text,true,,1280,4228,3,5,https://api-scuda.uat.oci.krungsri.tech/ic/api/v1/customer/individual/updateprofile,235,0,14
